quarter,slouched_pct,peak_flexion,avg_deviation,suggested_breaks,quarter_score
Q1,67.816091954023,57.12890625,19.703474373653016,0.0,14.966563959231323
Q2,4.49438202247191,12.83203125,5.20875395014045,0.0,80.0
Q3,38.8235294117647,34.552001953125,10.690860523897058,0.0,43.43989592907476
Q4,7.865168539325842,15.3973388671875,6.857258657391152,0.0,80.0
Total,29.74979298189636,29.977569580078125,10.615086876270418,0.0,54.85136431055096
